ean13,source
4910004046750,openfacts
4910020000002,openfacts
4910065002870,openfacts
4910242998620,openfacts
4910379508327,openfacts
4910400560188,openfacts
4910401319846,openfacts
4910419051455,openfacts
4910504000115,openfacts
4910663446694,openfacts
4910731313262,openfacts
4910771366112,openfacts
4910925608976,openfacts
4910967808976,openfacts
4911104724005,openfacts
4911118887758,openfacts
4911123403851,openfacts
4911135005241,openfacts
4911198011326,openfacts
4911211020007,openfacts
4911220305812,openfacts
4911228279115,openfacts
4911517208819,openfacts
4911744011602,openfacts
4911800483633,openfacts
4911800483657,openfacts
4911800830192,openfacts
4911800876428,openfacts
4911800876435,openfacts
4911800876442,openfacts
4911800876459,openfacts
4911800876466,openfacts
4911800876473,openfacts
4911800876527,openfacts
4911800986998,openfacts
4911800987001,openfacts
4911801008293,openfacts
4911801009610,openfacts
4911801009702,openfacts
4911801009856,openfacts
4911801010111,openfacts
4911801011057,openfacts
4911801020271,openfacts
4911801020585,openfacts
4911801020622,openfacts
4911801020639,openfacts
4911801053132,openfacts
4911801137610,openfacts
4911801137641,openfacts
4911801137658,openfacts
4911801137665,openfacts
4911801137672,openfacts
4911990013962,openfacts
4912020181002,openfacts
4912120168231,openfacts
4912203401019,openfacts
4912306999123,openfacts
4912345123459,openfacts
4912345678911,openfacts
4912355003147,openfacts
4912730001102,openfacts
4912743269148,openfacts
4912800584627,openfacts
4912925324832,openfacts
4913035556434,openfacts
4913089634812,openfacts
4913167466960,openfacts
4913364283414,openfacts
4913477003206,openfacts
4913662972546,openfacts
4914033997670,openfacts
4914042916402,openfacts
4914103481061,openfacts
4914149371746,openfacts
4914152652832,openfacts
4914400028907,openfacts
4914400400093,openfacts
4914400632289,openfacts
4914407072729,openfacts
4914414983988,openfacts
4914461758348,openfacts
4914473616780,openfacts
4914479764706,openfacts
4914583332327,openfacts
4914866361013,openfacts
4914866493394,openfacts
4915287600026,openfacts
4915291213113,openfacts
4915404500000,openfacts
4915692060705,openfacts
4915706222525,openfacts
4915930353651,openfacts
4915939399933,openfacts
4916083606991,openfacts
4916534287045,openfacts
4916660666004,openfacts
4916855444554,openfacts
4916930568595,openfacts
4916944103119,openfacts
4916954300331,openfacts
4917081972064,openfacts
4917081972569,openfacts
4917081972828,openfacts
4917139672106,openfacts
4917149465217,openfacts
4917202015519,openfacts
4917248040223,openfacts
4917266999626,openfacts
4917400628047,openfacts
4917523351341,openfacts
4917524116079,openfacts
4917714320514,openfacts
4918040558534,openfacts
4918340766110,openfacts
4918356445443,openfacts
4918730000046,openfacts
4918738271530,openfacts
4918926004100,openfacts
4919000301146,openfacts
4919034347431,openfacts
4919043689966,openfacts
4919281313975,openfacts
4919434970000,openfacts
4919471394364,openfacts
4919472606060,openfacts
4919736008036,openfacts
