ean13,description,created_at,modified_at
9590000000786,JACQUET MINI BROWNI HAZELNUT 150 GRAM,2026-09-17T13:43:43Z,2026-09-17T13:43:43Z
9590000318126,JBF 36MIX BAG 70GX2,2026-09-17T13:43:43Z,2026-09-17T13:43:43Z
9590000322642,JELLY BEAN FACTORY MIX BAG 28GX4,2026-09-17T13:43:43Z,2026-09-17T13:43:43Z
9590002324040,E.Leclerc pain bûcheron,2026-09-16T17:42:53Z,2026-09-16T17:42:53Z
9590002604142,Pain aux figues,2026-09-16T17:42:53Z,2026-09-16T17:42:53Z
9590002685363,E.Leclerc Pain muesli,2026-09-16T17:42:53Z,2026-09-16T17:42:53Z
9590002841455,Croissant,2026-09-16T17:42:53Z,2026-09-16T17:42:53Z
9590003000073,E.Leclerc Croissant ×2,2026-09-16T17:42:53Z,2026-09-16T17:42:53Z
9590003004897,Galette framboise frangipane,2026-09-16T17:42:53Z,2026-09-16T17:42:53Z
9590003010881,Pain aux raisins,2026-09-16T17:42:53Z,2026-09-16T17:42:53Z
9590003011161,Chaussons aux pommes,2026-09-16T17:42:53Z,2026-09-16T17:42:53Z
9590003012038,E.Leclerc Suisses pepites chocolat,2026-09-16T17:42:53Z,2026-09-16T17:42:53Z
9590003012779,Torsades ×4,2026-09-16T17:42:53Z,2026-09-16T17:42:53Z
9590009590042,GORILLAXLABS Energy - Passionfruit,2026-09-16T17:42:53Z,2026-09-16T17:42:53Z
9590009590066,GorillaXlabs Burn,2026-09-16T17:42:53Z,2026-09-16T17:42:53Z
9590009590073,Gorilla Labs Burn Preworkout Orange,2026-09-16T17:42:53Z,2026-09-16T17:42:53Z
9590009590103,GorillaXLabs Salted Caramel Fudge,2026-09-16T17:42:53Z,2026-09-16T17:42:53Z
9590009590110,Gorilla X Gym Protine,2026-09-16T17:42:53Z,2026-09-16T17:42:53Z
9590009590141,GorillaXLabs Ultimate Carbs,2026-09-16T17:42:53Z,2026-09-16T17:42:53Z
9590070108504,Carrefour Asperge,2026-09-16T17:42:53Z,2026-09-16T17:42:53Z
9590231965632,BMB HALAWA GOURMET GIFT 500G/PC,2026-09-17T13:43:43Z,2026-09-17T13:43:43Z
9590232043995,Sulay,2026-09-16T17:42:53Z,2026-09-16T17:42:53Z
9590270936716,Discount Biscuits tablette 150g,2026-09-16T17:42:53Z,2026-09-16T17:42:53Z
9590390001653,Bonne Maman Gelée coings,2026-09-16T17:42:53Z,2026-09-16T17:42:53Z
9590409750107,Duko,2026-09-16T17:42:53Z,2026-09-16T17:42:53Z
9590470028044,Carrefour Pomme duchesse,2026-09-16T17:42:53Z,2026-09-16T17:42:53Z
9590470098504,Carrefour classic’ Asperges vertes,2026-09-16T17:42:53Z,2026-09-16T17:42:53Z
9590470234445,Tomate ketchup,2026-09-16T17:42:53Z,2026-09-16T17:42:53Z
9590470669261,Selection cacao chocolat noir,2026-09-16T17:42:53Z,2026-09-16T17:42:53Z
9590470725493,Carrefour Fusilli complet,2026-09-16T17:42:53Z,2026-09-16T17:42:53Z
9590470866585,Carrefour Riz basmati,2026-09-16T17:42:53Z,2026-09-16T17:42:53Z
9590470900876,Carrefour Nos mélanges gourmands,2026-09-16T17:42:53Z,2026-09-16T17:42:53Z
9590470997784,Carrefour Vegetale Falafel 200g,2026-09-16T17:42:53Z,2026-09-16T17:42:53Z
9590471462755,Carrefour bio Expresso,2026-09-16T17:42:53Z,2026-09-16T17:42:53Z
9590471485747,Carrefour bio Penne rivage semi-complets,2026-09-16T17:42:53Z,2026-09-16T17:42:53Z
9590485446482,Carrefour Classic Tomato Ketchup,2026-09-16T17:42:53Z,2026-09-16T17:42:53Z
9590631237995,Carrefour Sardines au naturel,2026-09-16T17:42:53Z,2026-09-16T17:42:53Z
9590641000756,Tomates cerises,2026-09-16T17:42:53Z,2026-09-16T17:42:53Z
9590670948180,Carrefour Bon Appétit Thon Crudités Œuf,2026-09-16T17:42:53Z,2026-09-16T17:42:53Z
9590788080581,Sardine,2026-09-16T17:42:53Z,2026-09-16T17:42:53Z
9590907626737,TJ Synergy Gingerade,2026-09-16T17:42:53Z,2026-09-16T17:42:53Z
9591002653314,Chinese Sausage,2026-09-16T17:42:53Z,2026-09-16T17:42:53Z
9591090344316,mír Neznámý drink vlastního receptu,2026-09-16T17:42:53Z,2026-09-16T17:42:53Z
9591096526051,Nescafe Cappuccino,2026-09-16T17:42:53Z,2026-09-16T17:42:53Z
9591170892669,Fromage blanc nature,2026-09-16T17:42:53Z,2026-09-16T17:42:53Z
9591374567561,Sans croûte nature,2026-09-16T17:42:53Z,2026-09-16T17:42:53Z
9591435420699,Barra de cereal,2026-09-16T17:42:53Z,2026-09-16T17:42:53Z
9591534409090,Pepites eclats de chocolat,2026-09-16T17:42:53Z,2026-09-16T17:42:53Z
9591586834741,cocacola gaseosa,2026-09-16T17:42:53Z,2026-09-16T17:42:53Z
9591670013090,Pain épeautre biologique,2026-09-16T17:42:53Z,2026-09-16T17:42:53Z
9591856407958,Rippex 8,2026-09-16T17:42:53Z,2026-09-16T17:42:53Z
9591934414472,5Five strainer 103501A,2026-09-16T17:42:53Z,2026-09-16T17:42:53Z
9591978202332,Napój proteinowy,2026-09-16T17:42:53Z,2026-09-16T17:42:53Z
9592407148450,Pain de mie complet,2026-09-16T17:42:53Z,2026-09-16T17:42:53Z
9592721075609,"Nature's Promise Nucă de cocos răzuită, ecologică 100 g",2026-09-16T17:42:53Z,2026-09-16T17:42:53Z
9593096349302,Riverfruit di Bertuzzi Emilio e Angelo SAICHÉ,2026-09-16T17:42:53Z,2026-09-16T17:42:53Z
9593201042043,Prima jarka 35 g,2026-09-16T17:42:53Z,2026-09-16T17:42:53Z
9593202780487,mlíko,2026-09-16T17:42:53Z,2026-09-16T17:42:53Z
9593221042016,Krajči pekařské tyčinky cyrilovy,2026-09-16T17:42:53Z,2026-09-16T17:42:53Z
9593236930353,Raw Energy Salty Caramel & Peanuts 50 g,2026-09-17T13:34:18Z,2026-09-19T01:01:43Z
9593273548719,Italian Style EST. 1894 LYONS PREMIUM CAPPUCCINO C,2026-09-16T17:42:53Z,2026-09-16T17:42:53Z
9593335563650,Semoule au lait,2026-09-16T17:42:53Z,2026-09-16T17:42:53Z
9593350388306,Suncity Bake beans,2026-09-16T17:42:53Z,2026-09-16T17:42:53Z
9593403437739,medokomerc s.r.o. Český med květový pastovaný 900g,2026-09-16T17:42:53Z,2026-09-16T17:42:53Z
9593404453004,Super slim skim milk,2026-09-16T17:42:53Z,2026-09-16T17:42:53Z
9593554551551,NS ELECTRIC CHILDREN CAR,2026-09-17T13:43:43Z,2026-09-17T13:43:43Z
9593564528949,"Knäckebrot ,""do kabelky """,2026-09-16T17:42:53Z,2026-09-16T17:42:53Z
9593599084489,Yabon Crème dessert chocolat de St Domingue,2026-09-16T17:42:53Z,2026-09-16T17:42:53Z
9593905318093,Čekankový topping slaný karamel,2026-09-16T17:42:53Z,2026-09-16T17:42:53Z
9593963030098,Maamoul Oman,2026-09-16T17:42:53Z,2026-09-16T17:42:53Z
9594000000005,KOLESTON MAXI SINGLE @SP,2026-09-17T13:43:43Z,2026-09-17T13:43:43Z
9594070936648,Crème balsamique,2026-09-16T17:42:53Z,2026-09-16T17:42:53Z
9594071432217,Espresso Nocciolita Carrefour Café,2026-09-16T17:42:53Z,2026-09-16T17:42:53Z
9594071448966,Carrefour Framboise surgelées,2026-09-16T17:42:53Z,2026-09-16T17:42:53Z
9594081479141,Cappuccino original,2026-09-16T17:42:53Z,2026-09-16T17:42:53Z
9594085934349,Carrefour Mini rolls,2026-09-16T17:42:53Z,2026-09-16T17:42:53Z
9594127715905,Purée de légumes verts,2026-09-16T17:42:53Z,2026-09-16T17:42:53Z
9594200051579,Rustica Huile de noix,2026-09-16T17:42:53Z,2026-09-16T17:42:53Z
9594200119033,Marque repère Filets de sardines,2026-09-16T17:42:53Z,2026-09-16T17:42:53Z
9594200696916,Table du monde Nouilles instantanées Crevette,2026-09-16T17:42:53Z,2026-09-16T17:42:53Z
9594200757136,Marque repère Lait écrémé,2026-09-16T17:42:53Z,2026-09-16T17:42:53Z
9594210005531,Comptoir du grain Couscous moyen,2026-09-16T17:42:53Z,2026-09-16T17:42:53Z
9594210493024,Les Croisés Beurre,2026-09-16T17:42:53Z,2026-09-16T17:42:53Z
9594210782319,Marque Repère mozzarella,2026-09-16T17:42:53Z,2026-09-16T17:42:53Z
9594216027575,Leclerc Légumes de couscous,2026-09-16T17:42:53Z,2026-09-16T17:42:53Z
9594227110723,Bio village Lait demi écrémé uht,2026-09-16T17:42:53Z,2026-09-16T17:42:53Z
9594243546131,Grainéa Muesli pépites croustillantes chocolat-noisettes 350,2026-09-16T17:42:53Z,2026-09-16T17:42:53Z
9594243716176,P’tit déli Mots doux biscuits choco,2026-09-16T17:42:53Z,2026-09-16T17:42:53Z
9594247744373,Delisse Lait entier,2026-09-16T17:42:53Z,2026-09-16T17:42:53Z
9594342895109,Carrefour Pates,2026-09-16T17:42:53Z,2026-09-16T17:42:53Z
9594400711563,Épi d’or Croissant,2026-09-16T17:42:53Z,2026-09-16T17:42:53Z
9594400887305,Marque repère Ananas en tranches,2026-09-16T17:42:53Z,2026-09-16T17:42:53Z
9594470858762,Carrefour Le pain au seigle,2026-09-16T17:42:53Z,2026-09-16T17:42:53Z
9594490641214,Turini Tortellini ricotta épinards,2026-09-16T17:42:53Z,2026-09-16T17:42:53Z
9594490966232,Marques repère Nat & vie,2026-09-16T17:42:53Z,2026-09-16T17:42:53Z
9594519250410,Neslé Ricoré,2026-09-16T17:42:53Z,2026-09-16T17:42:53Z
9594917727743,vilgain doble trouble protein bar - chocolate with cream,2026-09-16T17:42:53Z,2026-09-16T17:42:53Z
9594943732834,Repère Milky crème,2026-09-16T17:42:53Z,2026-09-16T17:42:53Z
9595130677907,le coq noir tikka masala 1,2026-09-16T17:42:53Z,2026-09-16T17:42:53Z
9595188438185,Pocket coffee,2026-09-16T17:42:53Z,2026-09-16T17:42:53Z
9595251575571,Maître Jean Pierre Pain de mie extra moelleux,2026-09-16T17:42:53Z,2026-09-16T17:42:53Z
9595349622651,Super U Kattentongen 200g,2026-09-16T17:42:53Z,2026-09-16T17:42:53Z
9595813427447,Freshona Ratatouille bio,2026-09-16T17:42:53Z,2026-09-16T17:42:53Z
9595902300668,Garantea Jasmine melati,2026-09-16T17:42:53Z,2026-09-16T17:42:53Z
9595930298968,Carpaccio,2026-09-16T17:42:53Z,2026-09-16T17:42:53Z
9596013035777,Copánky uzený,2026-09-16T17:42:53Z,2026-09-16T17:42:53Z
9596071106006,Carrefour Maquereaux,2026-09-16T17:42:53Z,2026-09-16T17:42:53Z
9596080378081,Carrefour Burrata,2026-09-16T17:42:53Z,2026-09-16T17:42:53Z
9596081000158,Carrefour Dés de fromage emmental,2026-09-16T17:42:53Z,2026-09-16T17:42:53Z
9596081453442,Carrefour Chocolat 85%,2026-09-16T17:42:53Z,2026-09-16T17:42:53Z
9596110339723,Betteraves rouges 500 g,2026-09-16T17:42:53Z,2026-09-16T17:42:53Z
9596210491116,Auchan Lentilles,2026-09-16T17:42:53Z,2026-09-16T17:42:53Z
9596400463411,Auchan Viande hachée,2026-09-16T17:42:53Z,2026-09-16T17:42:53Z
9597083434743,MANGO DEHYDRATED 100 g,2026-09-16T17:42:53Z,2026-09-16T17:42:53Z
9597273773737,"Nutrend De-nuts honey, cranberry",2026-09-16T17:42:53Z,2026-09-16T17:42:53Z
9597290132258,Saint azay Saucisse sèche,2026-09-16T17:42:53Z,2026-09-16T17:42:53Z
9597409172861,nos régions ont du talent brie de meaux,2026-09-16T17:42:53Z,2026-09-16T17:42:53Z
9597700040135,Marina - Kepingan Dalam Air Masin,2026-09-16T17:42:53Z,2026-09-16T17:42:53Z
9597791046023,Perriercitrus,2026-09-16T17:42:53Z,2026-09-16T17:42:53Z
9597973587474,Crunchy muesli,2026-09-16T17:42:53Z,2026-09-16T17:42:53Z
9598025518453,Haricot vert,2026-09-16T17:42:53Z,2026-09-16T17:42:53Z
9598041130677,AYAM Nouilles de riz 200 g,2026-09-16T17:42:53Z,2026-09-16T17:42:53Z
9598760737935,NUGGGETS,2026-09-16T17:42:53Z,2026-09-16T17:42:53Z
9599138434395,Simply carrefour Kip curry,2026-09-16T17:42:53Z,2026-09-16T17:42:53Z
9599404306333,Mammee Curry instant noodles,2026-09-16T17:42:53Z,2026-09-16T17:42:53Z
9599419010881,Ready For You Roast Chicken,2026-09-16T17:42:53Z,2026-09-16T17:42:53Z
9599436313125,Old TOWN white coffee,2026-09-16T17:42:53Z,2026-09-16T17:42:53Z
9599471416157,Sensation Poêlée mexicaine,2026-09-16T17:42:53Z,2026-09-16T17:42:53Z
9599479206460,Bolacha leite - Renata,2026-09-16T17:42:53Z,2026-09-16T17:42:53Z
9599584900444,Smetana 12% na vaření,2026-09-16T17:42:53Z,2026-09-16T17:42:53Z
9599584900918,Enjoy Kyselý červi 80 g,2026-09-16T17:42:53Z,2026-09-16T17:42:53Z
9599673030342,Lasanha,2026-09-16T17:42:53Z,2026-09-16T17:42:53Z
9599954401878,Savoir Grade B 30s,2026-09-16T17:42:53Z,2026-09-16T17:42:53Z
9599970832632,Ehrmann Foodie,2026-09-16T17:42:53Z,2026-09-16T17:42:53Z
9599990001179,Caviar d'Aubergine,2026-09-16T17:42:53Z,2026-09-16T17:42:53Z
9599990002824,Miel de prairie MARIE Thérèse Andrieu rance Aveyron 12630 509 g,2026-09-16T17:42:53Z,2026-09-16T17:42:53Z
9599990002831,Miel de Prairie,2026-09-16T17:42:53Z,2026-09-16T17:42:53Z
9599990002848,Miel de fleurs,2026-09-16T17:42:53Z,2026-09-16T17:42:53Z
9599990002855,Miel de fleurs,2026-09-16T17:42:53Z,2026-09-16T17:42:53Z
9599999001651,Perso Cookies compote avoine,2026-09-16T17:42:53Z,2026-09-16T17:42:53Z
